{"cameraMode":{"drawMode":0,"name":"Shaded","section":"Shading Mode"},"sceneLighting":false,"audioPlay":false,"sceneViewState":{"m_AlwaysRefresh":false,"showFog":true,"showSkybox":false,"showFlares":true,"showImageEffects":true,"showParticleSystems":true,"showVisualEffectGraphs":true,"m_FxEnabled":true},"in2DMode":false,"pivot":{"x":-0.0870591476559639,"y":0.6786198019981384,"z":0.2025519609451294},"rotation":{"x":0.16487599909305573,"y":0.17420344054698945,"z":-0.029680758714675905,"w":0.9704177379608154},"size":0.9027649760246277,"orthographic":false}