{"cameraMode":{"drawMode":0,"name":"Shaded","section":"Shading Mode"},"sceneLighting":false,"audioPlay":false,"sceneViewState":{"m_AlwaysRefresh":false,"showFog":true,"showSkybox":false,"showFlares":true,"showImageEffects":true,"showParticleSystems":true,"showVisualEffectGraphs":true,"m_FxEnabled":true},"in2DMode":false,"pivot":{"x":-20.884078979492189,"y":3.458498477935791,"z":35.959503173828128},"rotation":{"x":-0.03569161891937256,"y":0.18244795501232148,"z":-0.006629017647355795,"w":-0.9825506806373596},"size":30.766109466552736,"orthographic":false}