{"cameraMode":{"drawMode":0,"name":"Shaded","section":"Shading Mode"},"sceneLighting":true,"audioPlay":false,"sceneViewState":{"m_AlwaysRefresh":false,"showFog":true,"showSkybox":true,"showFlares":true,"showImageEffects":true,"showParticleSystems":true,"showVisualEffectGraphs":true,"m_FxEnabled":true},"in2DMode":false,"pivot":{"x":-0.6183010339736939,"y":2.478874921798706,"z":0.7078356742858887},"rotation":{"x":0.12892934679985047,"y":0.01995810866355896,"z":-0.002657877281308174,"w":0.9915063977241516},"size":3.9375483989715578,"orthographic":false}