{"cameraMode":{"drawMode":0,"name":"Shaded","section":"Shading Mode"},"sceneLighting":true,"audioPlay":false,"sceneViewState":{"m_AlwaysRefresh":false,"showFog":true,"showSkybox":true,"showFlares":true,"showImageEffects":true,"showParticleSystems":true,"showVisualEffectGraphs":true,"m_FxEnabled":true},"in2DMode":false,"pivot":{"x":32.625022888183597,"y":-20.519073486328126,"z":56.15760040283203},"rotation":{"x":0.22941064834594727,"y":0.43524396419525149,"z":-0.11563806235790253,"w":0.8629287481307983},"size":126.33969116210938,"orthographic":false}