{"cameraMode":{"drawMode":0,"name":"Shaded","section":"Shading Mode"},"sceneLighting":true,"audioPlay":false,"sceneViewState":{"m_AlwaysRefresh":false,"showFog":true,"showSkybox":true,"showFlares":true,"showImageEffects":true,"showParticleSystems":true,"showVisualEffectGraphs":true,"m_FxEnabled":true},"in2DMode":false,"pivot":{"x":-0.41919103264808657,"y":11.81305980682373,"z":70.63719940185547},"rotation":{"x":0.032970745116472247,"y":-0.13834728300571443,"z":0.004708018619567156,"w":0.989873468875885},"size":0.048316407948732379,"orthographic":false}